{
  "adt_oct": {
    "mae": 219.19593489202782,
    "rmse": 755.9603662094482,
    "r2": 0.9993116608822905,
    "model": "GradientBoosting"
  },
  "adt_nov": {
    "mae": 150.44269563565197,
    "rmse": 240.85092533877844,
    "r2": 0.9999258923398875,
    "model": "GradientBoosting"
  },
  "adt_dec": {
    "mae": 24.325718899633216,
    "rmse": 32.36423819862119,
    "r2": 0.9999985512179171,
    "model": "GradientBoosting"
  }
}